{"cameraMode":{"drawMode":0,"name":"Shaded","section":"Shading Mode"},"sceneLighting":true,"audioPlay":false,"sceneViewState":{"m_AlwaysRefresh":false,"showFog":true,"showSkybox":true,"showFlares":true,"showImageEffects":true,"showParticleSystems":true,"showVisualEffectGraphs":true,"m_FxEnabled":true},"in2DMode":false,"pivot":{"x":0.5181609392166138,"y":9.094599723815918,"z":-7.663651466369629},"rotation":{"x":-0.10718342661857605,"y":-0.020356332883238794,"z":0.0020857108756899835,"w":-0.9940112829208374},"size":56.487770080566409,"orthographic":true}