{"cameraMode":{"drawMode":0,"name":"Shaded","section":"Shading Mode"},"sceneLighting":true,"audioPlay":false,"sceneViewState":{"m_AlwaysRefresh":false,"showFog":true,"showSkybox":true,"showFlares":true,"showImageEffects":true,"showParticleSystems":true,"showVisualEffectGraphs":true,"m_FxEnabled":true},"in2DMode":false,"pivot":{"x":2.809999942779541,"y":2.7200000286102297,"z":2.5694000720977785},"rotation":{"x":-0.08032204955816269,"y":0.005010546185076237,"z":-0.0005048357998020947,"w":-0.996737003326416},"size":5.037118911743164,"orthographic":true}