{"cameraMode":{"drawMode":0,"name":"Shaded","section":"Shading Mode"},"sceneLighting":true,"audioPlay":false,"sceneViewState":{"m_AlwaysRefresh":true,"showFog":true,"showSkybox":true,"showFlares":true,"showImageEffects":true,"showParticleSystems":true,"showVisualEffectGraphs":true,"m_FxEnabled":true},"in2DMode":false,"pivot":{"x":-65.9000015258789,"y":2.9000000953674318,"z":2.690000057220459},"rotation":{"x":-0.19577471911907197,"y":-0.13107271492481233,"z":0.026497887447476388,"w":-0.9712719321250916},"size":0.8660253882408142,"orthographic":false}