{"cameraMode":{"drawMode":0,"name":"Shaded","section":"Shading Mode"},"sceneLighting":true,"audioPlay":false,"sceneViewState":{"m_AlwaysRefresh":false,"showFog":true,"showSkybox":true,"showFlares":true,"showImageEffects":true,"showParticleSystems":true,"showVisualEffectGraphs":true,"m_FxEnabled":true},"in2DMode":false,"pivot":{"x":51.808494567871097,"y":-16.98454475402832,"z":2.8432998657226564},"rotation":{"x":-0.02599896863102913,"y":0.07794899493455887,"z":0.0021308078430593015,"w":0.9966230392456055},"size":64.43830108642578,"orthographic":true}