{"cameraMode":{"drawMode":0,"name":"Shaded","section":"Shading Mode"},"sceneLighting":true,"audioPlay":false,"sceneViewState":{"m_AlwaysRefresh":false,"showFog":true,"showSkybox":true,"showFlares":true,"showImageEffects":true,"showParticleSystems":true,"showVisualEffectGraphs":true,"m_FxEnabled":true},"in2DMode":false,"pivot":{"x":52.51718521118164,"y":-14.264019012451172,"z":5.7825775146484379},"rotation":{"x":0.303498238325119,"y":-0.015924595296382905,"z":0.005223809275776148,"w":0.952682614326477},"size":39.329132080078128,"orthographic":true}